{"resources":[{"@type":"Symfony\\Component\\Config\\Resource\\FileResource","resource":"/home/kali/CitadelQuest/dev/citadel/release-build/vendor/composer/installed.json"},{"@type":"Symfony\\Component\\Config\\Resource\\FileResource","resource":"/home/kali/CitadelQuest/dev/citadel/release-build/src/Kernel.php"},{"@type":"Symfony\\Component\\Config\\Resource\\ClassExistenceResource","resource":"Symfony\\Component\\Translation\\DependencyInjection\\DataCollectorTranslatorPass","exists":[false,null]},{"@type":"Symfony\\Component\\Config\\Resource\\ClassExistenceResource","resource":"Symfony\\Component\\Translation\\DependencyInjection\\TranslatorPass","exists":[false,null]},{"@type":"Symfony\\Component\\Config\\Resource\\ClassExistenceResource","resource":"Symfony\\Component\\Translation\\DependencyInjection\\TranslatorPathsPass","exists":[false,null]},{"@type":"Symfony\\Component\\Config\\Resource\\ClassExistenceResource","resource":"Symfony\\Component\\Translation\\DependencyInjection\\LoggingTranslatorPass","exists":[false,null]},{"@type":"Symfony\\Component\\Config\\Resource\\ClassExistenceResource","resource":"Symfony\\Component\\Translation\\DependencyInjection\\TranslationExtractorPass","exists":[false,null]},{"@type":"Symfony\\Component\\Config\\Resource\\ClassExistenceResource","resource":"Symfony\\Component\\Translation\\DependencyInjection\\TranslationDumperPass","exists":[false,null]},{"@type":"Symfony\\Component\\Config\\Resource\\ClassExistenceResource","resource":"Symfony\\Component\\Serializer\\DependencyInjection\\SerializerPass","exists":[false,null]},{"@type":"Symfony\\Component\\Config\\Resource\\ClassExistenceResource","resource":"Symfony\\Component\\Workflow\\DependencyInjection\\WorkflowGuardListenerPass","exists":[false,null]},{"@type":"Symfony\\Component\\Config\\Resource\\ClassExistenceResource","resource":"Symfony\\Component\\Mime\\DependencyInjection\\AddMimeTypeGuesserPass","exists":[false,null]},{"@type":"Symfony\\Component\\Config\\Resource\\ClassExistenceResource","resource":"Symfony\\Component\\Scheduler\\DependencyInjection\\AddScheduleMessengerPass","exists":[false,null]},{"@type":"Symfony\\Component\\Config\\Resource\\ClassExistenceResource","resource":"Symfony\\Component\\Messenger\\DependencyInjection\\MessengerPass","exists":[false,null]},{"@type":"Symfony\\Component\\Config\\Resource\\ClassExistenceResource","resource":"Symfony\\Component\\HttpClient\\DependencyInjection\\HttpClientPass","exists":[false,null]},{"@type":"Symfony\\Component\\Config\\Resource\\FileResource","resource":"/home/kali/CitadelQuest/dev/citadel/release-build/config/bundles.php"},{"@type":"Symfony\\Component\\Config\\Resource\\FileResource","resource":"/home/kali/CitadelQuest/dev/citadel/release-build/config/packages/cache.yaml"},{"@type":"Symfony\\Component\\Config\\Resource\\FileResource","resource":"/home/kali/CitadelQuest/dev/citadel/release-build/config/packages/csrf.yaml"},{"@type":"Symfony\\Component\\Config\\Resource\\FileResource","resource":"/home/kali/CitadelQuest/dev/citadel/release-build/config/packages/doctrine.yaml"},{"@type":"Symfony\\Component\\Config\\Resource\\FileResource","resource":"/home/kali/CitadelQuest/dev/citadel/release-build/config/packages/doctrine_migrations.yaml"},{"@type":"Symfony\\Component\\Config\\Resource\\FileResource","resource":"/home/kali/CitadelQuest/dev/citadel/release-build/config/packages/framework.yaml"},{"@type":"Symfony\\Component\\Config\\Resource\\FileResource","resource":"/home/kali/CitadelQuest/dev/citadel/release-build/config/packages/routing.yaml"},{"@type":"Symfony\\Component\\Config\\Resource\\FileResource","resource":"/home/kali/CitadelQuest/dev/citadel/release-build/config/packages/security.yaml"},{"@type":"Symfony\\Component\\Config\\Resource\\FileResource","resource":"/home/kali/CitadelQuest/dev/citadel/release-build/config/packages/twig.yaml"},{"@type":"Symfony\\Component\\Config\\Resource\\FileResource","resource":"/home/kali/CitadelQuest/dev/citadel/release-build/config/packages/validator.yaml"},{"@type":"Symfony\\Component\\Config\\Resource\\FileResource","resource":"/home/kali/CitadelQuest/dev/citadel/release-build/config/packages/web_profiler.yaml"},{"@type":"Symfony\\Component\\Config\\Resource\\FileResource","resource":"/home/kali/CitadelQuest/dev/citadel/release-build/config/packages/webpack_encore.yaml"},{"@type":"Symfony\\Component\\Config\\Resource\\FileResource","resource":"/home/kali/CitadelQuest/dev/citadel/release-build/config/services.yaml"},{"@type":"Symfony\\Component\\Config\\Resource\\ReflectionClassResource","files":{"/home/kali/CitadelQuest/dev/citadel/release-build/src/Controller/HomeController.php":null},"className":"App\\Controller\\HomeController","hash":"0ae5d705696b4642b383a74fb2735fae"},{"@type":"Symfony\\Component\\Config\\Resource\\ReflectionClassResource","files":{"/home/kali/CitadelQuest/dev/citadel/release-build/src/Controller/KeyController.php":null},"className":"App\\Controller\\KeyController","hash":"aa04959679c4a86c8acfb235de065826"},{"@type":"Symfony\\Component\\Config\\Resource\\ReflectionClassResource","files":{"/home/kali/CitadelQuest/dev/citadel/release-build/src/Controller/RegistrationController.php":null},"className":"App\\Controller\\RegistrationController","hash":"a3ec644780c849a1a6bf93b79ccd217f"},{"@type":"Symfony\\Component\\Config\\Resource\\ReflectionClassResource","files":{"/home/kali/CitadelQuest/dev/citadel/release-build/src/Controller/SecurityController.php":null},"className":"App\\Controller\\SecurityController","hash":"c9797647221b16b7633b5baf6cb706c0"},{"@type":"Symfony\\Component\\Config\\Resource\\ReflectionClassResource","files":{"/home/kali/CitadelQuest/dev/citadel/release-build/src/Form/RegistrationType.php":null},"className":"App\\Form\\RegistrationType","hash":"e143368e8df4c7a14b8d6db460bc784a"},{"@type":"Symfony\\Component\\Config\\Resource\\ReflectionClassResource","files":{"/home/kali/CitadelQuest/dev/citadel/release-build/src/Repository/UserRepository.php":null},"className":"App\\Repository\\UserRepository","hash":"302274180ca7c6d574e562d5f0204d7c"},{"@type":"Symfony\\Component\\Config\\Resource\\ReflectionClassResource","files":{"/home/kali/CitadelQuest/dev/citadel/release-build/src/Service/UserDatabaseManager.php":null},"className":"App\\Service\\UserDatabaseManager","hash":"7a4c6a5477fb05fac3ecf919b2559fc9"},{"@type":"Symfony\\Component\\Config\\Resource\\GlobResource","prefix":"/home/kali/CitadelQuest/dev/citadel/release-build/src","pattern":"","recursive":true,"hash":"cc8a933fa4b70619d969165c79418324","forExclusion":false,"excludedPrefixes":{"/home/kali/CitadelQuest/dev/citadel/release-build/src/Entity":true,"/home/kali/CitadelQuest/dev/citadel/release-build/src/Kernel.php":true}},{"@type":"Symfony\\Component\\Config\\Resource\\FileExistenceResource","exists":false,"resource":"/home/kali/CitadelQuest/dev/citadel/release-build/config/validator"},{"@type":"Symfony\\Component\\Config\\Resource\\FileExistenceResource","exists":false,"resource":"/home/kali/CitadelQuest/dev/citadel/release-build/templates/bundles/FrameworkBundle"},{"@type":"Symfony\\Component\\Config\\Resource\\FileExistenceResource","exists":false,"resource":"/home/kali/CitadelQuest/dev/citadel/release-build/templates/bundles/DoctrineBundle"},{"@type":"Symfony\\Component\\Config\\Resource\\FileExistenceResource","exists":false,"resource":"/home/kali/CitadelQuest/dev/citadel/release-build/templates/bundles/DoctrineMigrationsBundle"},{"@type":"Symfony\\Component\\Config\\Resource\\FileExistenceResource","exists":false,"resource":"/home/kali/CitadelQuest/dev/citadel/release-build/templates/bundles/SecurityBundle"},{"@type":"Symfony\\Component\\Config\\Resource\\FileExistenceResource","exists":false,"resource":"/home/kali/CitadelQuest/dev/citadel/release-build/templates/bundles/TwigBundle"},{"@type":"Symfony\\Component\\Config\\Resource\\FileExistenceResource","exists":false,"resource":"/home/kali/CitadelQuest/dev/citadel/release-build/templates/bundles/WebpackEncoreBundle"},{"@type":"Symfony\\Component\\Config\\Resource\\FileExistenceResource","exists":true,"resource":"/home/kali/CitadelQuest/dev/citadel/release-build/templates"},{"@type":"Symfony\\Component\\Config\\Resource\\ReflectionClassResource","files":{"/home/kali/CitadelQuest/dev/citadel/release-build/src/Kernel.php":null},"className":"App\\Kernel","hash":"c40ce0f9313f8039b6b48e7b744dc6bf"},{"@type":"Symfony\\Component\\Config\\Resource\\ClassExistenceResource","resource":"Jose\\Component\\Signature\\Algorithm\\ES256","exists":[false,null]},{"@type":"Symfony\\Component\\Config\\Resource\\ClassExistenceResource","resource":"Jose\\Component\\Signature\\Algorithm\\ES384","exists":[false,null]},{"@type":"Symfony\\Component\\Config\\Resource\\ClassExistenceResource","resource":"Jose\\Component\\Signature\\Algorithm\\ES512","exists":[false,null]},{"@type":"Symfony\\Component\\Config\\Resource\\ClassExistenceResource","resource":"Jose\\Component\\Signature\\Algorithm\\RS256","exists":[false,null]},{"@type":"Symfony\\Component\\Config\\Resource\\ClassExistenceResource","resource":"Jose\\Component\\Signature\\Algorithm\\RS384","exists":[false,null]},{"@type":"Symfony\\Component\\Config\\Resource\\ClassExistenceResource","resource":"Jose\\Component\\Signature\\Algorithm\\RS512","exists":[false,null]},{"@type":"Symfony\\Component\\Config\\Resource\\ClassExistenceResource","resource":"Jose\\Component\\Signature\\Algorithm\\PS256","exists":[false,null]},{"@type":"Symfony\\Component\\Config\\Resource\\ClassExistenceResource","resource":"Jose\\Component\\Signature\\Algorithm\\PS384","exists":[false,null]},{"@type":"Symfony\\Component\\Config\\Resource\\ClassExistenceResource","resource":"Jose\\Component\\Signature\\Algorithm\\PS512","exists":[false,null]}]}